Tên khách hàng,Email,Số điện thoại,Công ty,Nguồn lead (UTM Source),Ngân sách dự kiến,Trạng thái,Người phụ trách,Ghi chú,Lead ID Bitrix24,Trạng thái đồng bộ,Thời gian đồng bộ cuối,Thông báo lỗi,Sync Hash
Khách hàng test 1,perftest1@example.com,0910000001,Công ty 1,facebook_ads,34000000,NEW,,Dữ liệu test hiệu năng #1,,,,,
Khách hàng test 2,perftest2@example.com,0910000002,Công ty 2,partner_referral,40000000,NEW,,Dữ liệu test hiệu năng #2,,,,,
Khách hàng test 3,perftest3@example.com,0910000003,Công ty 3,offline_event,42000000,NEW,,Dữ liệu test hiệu năng #3,,,,,
Khách hàng test 4,perftest4@example.com,0910000004,Công ty 4,tiktok,47000000,NEW,,Dữ liệu test hiệu năng #4,,,,,
Khách hàng test 5,perftest5@example.com,0910000005,Công ty 5,website,12000000,NEW,,Dữ liệu test hiệu năng #5,,,,,
Khách hàng test 6,perftest6@example.com,0910000006,Công ty 6,facebook_ads,29000000,NEW,,Dữ liệu test hiệu năng #6,,,,,
Khách hàng test 7,perftest7@example.com,0910000007,Công ty 7,partner_referral,23000000,NEW,,Dữ liệu test hiệu năng #7,,,,,
Khách hàng test 8,perftest8@example.com,0910000008,Công ty 8,offline_event,6000000,NEW,,Dữ liệu test hiệu năng #8,,,,,
Khách hàng test 9,perftest9@example.com,0910000009,Công ty 9,tiktok,45000000,NEW,,Dữ liệu test hiệu năng #9,,,,,
Khách hàng test 10,perftest10@example.com,0910000010,Công ty 10,website,16000000,NEW,,Dữ liệu test hiệu năng #10,,,,,
Khách hàng test 11,perftest11@example.com,0910000011,Công ty 11,facebook_ads,23000000,NEW,,Dữ liệu test hiệu năng #11,,,,,
Khách hàng test 12,perftest12@example.com,0910000012,Công ty 12,partner_referral,5000000,NEW,,Dữ liệu test hiệu năng #12,,,,,
Khách hàng test 13,perftest13@example.com,0910000013,Công ty 13,offline_event,36000000,NEW,,Dữ liệu test hiệu năng #13,,,,,
Khách hàng test 14,perftest14@example.com,0910000014,Công ty 14,tiktok,37000000,NEW,,Dữ liệu test hiệu năng #14,,,,,
Khách hàng test 15,perftest15@example.com,0910000015,Công ty 15,website,25000000,NEW,,Dữ liệu test hiệu năng #15,,,,,
Khách hàng test 16,perftest16@example.com,0910000016,Công ty 16,facebook_ads,27000000,NEW,,Dữ liệu test hiệu năng #16,,,,,
Khách hàng test 17,perftest17@example.com,0910000017,Công ty 17,partner_referral,22000000,NEW,,Dữ liệu test hiệu năng #17,,,,,
Khách hàng test 18,perftest18@example.com,0910000018,Công ty 18,offline_event,29000000,NEW,,Dữ liệu test hiệu năng #18,,,,,
Khách hàng test 19,perftest19@example.com,0910000019,Công ty 19,tiktok,17000000,NEW,,Dữ liệu test hiệu năng #19,,,,,
Khách hàng test 20,perftest20@example.com,0910000020,Công ty 20,website,21000000,NEW,,Dữ liệu test hiệu năng #20,,,,,
Khách hàng test 21,perftest21@example.com,0910000021,Công ty 21,facebook_ads,17000000,NEW,,Dữ liệu test hiệu năng #21,,,,,
Khách hàng test 22,perftest22@example.com,0910000022,Công ty 22,partner_referral,50000000,NEW,,Dữ liệu test hiệu năng #22,,,,,
Khách hàng test 23,perftest23@example.com,0910000023,Công ty 23,offline_event,38000000,NEW,,Dữ liệu test hiệu năng #23,,,,,
Khách hàng test 24,perftest24@example.com,0910000024,Công ty 24,tiktok,42000000,NEW,,Dữ liệu test hiệu năng #24,,,,,
Khách hàng test 25,perftest25@example.com,0910000025,Công ty 25,website,33000000,NEW,,Dữ liệu test hiệu năng #25,,,,,
Khách hàng test 26,perftest26@example.com,0910000026,Công ty 26,facebook_ads,16000000,NEW,,Dữ liệu test hiệu năng #26,,,,,
Khách hàng test 27,perftest27@example.com,0910000027,Công ty 27,partner_referral,22000000,NEW,,Dữ liệu test hiệu năng #27,,,,,
Khách hàng test 28,perftest28@example.com,0910000028,Công ty 28,offline_event,12000000,NEW,,Dữ liệu test hiệu năng #28,,,,,
Khách hàng test 29,perftest29@example.com,0910000029,Công ty 29,tiktok,49000000,NEW,,Dữ liệu test hiệu năng #29,,,,,
Khách hàng test 30,perftest30@example.com,0910000030,Công ty 30,website,52000000,NEW,,Dữ liệu test hiệu năng #30,,,,,
Khách hàng test 31,perftest31@example.com,0910000031,Công ty 31,facebook_ads,22000000,NEW,,Dữ liệu test hiệu năng #31,,,,,
Khách hàng test 32,perftest32@example.com,0910000032,Công ty 32,partner_referral,42000000,NEW,,Dữ liệu test hiệu năng #32,,,,,
Khách hàng test 33,perftest33@example.com,0910000033,Công ty 33,offline_event,17000000,NEW,,Dữ liệu test hiệu năng #33,,,,,
Khách hàng test 34,perftest34@example.com,0910000034,Công ty 34,tiktok,45000000,NEW,,Dữ liệu test hiệu năng #34,,,,,
Khách hàng test 35,perftest35@example.com,0910000035,Công ty 35,website,45000000,NEW,,Dữ liệu test hiệu năng #35,,,,,
Khách hàng test 36,perftest36@example.com,0910000036,Công ty 36,facebook_ads,26000000,NEW,,Dữ liệu test hiệu năng #36,,,,,
Khách hàng test 37,perftest37@example.com,0910000037,Công ty 37,partner_referral,50000000,NEW,,Dữ liệu test hiệu năng #37,,,,,
Khách hàng test 38,perftest38@example.com,0910000038,Công ty 38,offline_event,54000000,NEW,,Dữ liệu test hiệu năng #38,,,,,
Khách hàng test 39,perftest39@example.com,0910000039,Công ty 39,tiktok,43000000,NEW,,Dữ liệu test hiệu năng #39,,,,,
Khách hàng test 40,perftest40@example.com,0910000040,Công ty 40,website,24000000,NEW,,Dữ liệu test hiệu năng #40,,,,,
Khách hàng test 41,perftest41@example.com,0910000041,Công ty 41,facebook_ads,47000000,NEW,,Dữ liệu test hiệu năng #41,,,,,
Khách hàng test 42,perftest42@example.com,0910000042,Công ty 42,partner_referral,16000000,NEW,,Dữ liệu test hiệu năng #42,,,,,
Khách hàng test 43,perftest43@example.com,0910000043,Công ty 43,offline_event,27000000,NEW,,Dữ liệu test hiệu năng #43,,,,,
Khách hàng test 44,perftest44@example.com,0910000044,Công ty 44,tiktok,51000000,NEW,,Dữ liệu test hiệu năng #44,,,,,
Khách hàng test 45,perftest45@example.com,0910000045,Công ty 45,website,16000000,NEW,,Dữ liệu test hiệu năng #45,,,,,
Khách hàng test 46,perftest46@example.com,0910000046,Công ty 46,facebook_ads,34000000,NEW,,Dữ liệu test hiệu năng #46,,,,,
Khách hàng test 47,perftest47@example.com,0910000047,Công ty 47,partner_referral,52000000,NEW,,Dữ liệu test hiệu năng #47,,,,,
Khách hàng test 48,perftest48@example.com,0910000048,Công ty 48,offline_event,11000000,NEW,,Dữ liệu test hiệu năng #48,,,,,
Khách hàng test 49,perftest49@example.com,0910000049,Công ty 49,tiktok,40000000,NEW,,Dữ liệu test hiệu năng #49,,,,,
Khách hàng test 50,perftest50@example.com,0910000050,Công ty 50,website,8000000,NEW,,Dữ liệu test hiệu năng #50,,,,,
Khách hàng test 51,perftest51@example.com,0910000051,Công ty 51,facebook_ads,10000000,NEW,,Dữ liệu test hiệu năng #51,,,,,
Khách hàng test 52,perftest52@example.com,0910000052,Công ty 52,partner_referral,6000000,NEW,,Dữ liệu test hiệu năng #52,,,,,
Khách hàng test 53,perftest53@example.com,0910000053,Công ty 53,offline_event,39000000,NEW,,Dữ liệu test hiệu năng #53,,,,,
Khách hàng test 54,perftest54@example.com,0910000054,Công ty 54,tiktok,35000000,NEW,,Dữ liệu test hiệu năng #54,,,,,
Khách hàng test 55,perftest55@example.com,0910000055,Công ty 55,website,39000000,NEW,,Dữ liệu test hiệu năng #55,,,,,
Khách hàng test 56,perftest56@example.com,0910000056,Công ty 56,facebook_ads,40000000,NEW,,Dữ liệu test hiệu năng #56,,,,,
Khách hàng test 57,perftest57@example.com,0910000057,Công ty 57,partner_referral,51000000,NEW,,Dữ liệu test hiệu năng #57,,,,,
Khách hàng test 58,perftest58@example.com,0910000058,Công ty 58,offline_event,18000000,NEW,,Dữ liệu test hiệu năng #58,,,,,
Khách hàng test 59,perftest59@example.com,0910000059,Công ty 59,tiktok,24000000,NEW,,Dữ liệu test hiệu năng #59,,,,,
Khách hàng test 60,perftest60@example.com,0910000060,Công ty 60,website,16000000,NEW,,Dữ liệu test hiệu năng #60,,,,,
Khách hàng test 61,perftest61@example.com,0910000061,Công ty 61,facebook_ads,44000000,NEW,,Dữ liệu test hiệu năng #61,,,,,
Khách hàng test 62,perftest62@example.com,0910000062,Công ty 62,partner_referral,48000000,NEW,,Dữ liệu test hiệu năng #62,,,,,
Khách hàng test 63,perftest63@example.com,0910000063,Công ty 63,offline_event,11000000,NEW,,Dữ liệu test hiệu năng #63,,,,,
Khách hàng test 64,perftest64@example.com,0910000064,Công ty 64,tiktok,45000000,NEW,,Dữ liệu test hiệu năng #64,,,,,
Khách hàng test 65,perftest65@example.com,0910000065,Công ty 65,website,29000000,NEW,,Dữ liệu test hiệu năng #65,,,,,
Khách hàng test 66,perftest66@example.com,0910000066,Công ty 66,facebook_ads,5000000,NEW,,Dữ liệu test hiệu năng #66,,,,,
Khách hàng test 67,perftest67@example.com,0910000067,Công ty 67,partner_referral,5000000,NEW,,Dữ liệu test hiệu năng #67,,,,,
Khách hàng test 68,perftest68@example.com,0910000068,Công ty 68,offline_event,9000000,NEW,,Dữ liệu test hiệu năng #68,,,,,
Khách hàng test 69,perftest69@example.com,0910000069,Công ty 69,tiktok,10000000,NEW,,Dữ liệu test hiệu năng #69,,,,,
Khách hàng test 70,perftest70@example.com,0910000070,Công ty 70,website,45000000,NEW,,Dữ liệu test hiệu năng #70,,,,,
Khách hàng test 71,perftest71@example.com,0910000071,Công ty 71,facebook_ads,41000000,NEW,,Dữ liệu test hiệu năng #71,,,,,
Khách hàng test 72,perftest72@example.com,0910000072,Công ty 72,partner_referral,28000000,NEW,,Dữ liệu test hiệu năng #72,,,,,
Khách hàng test 73,perftest73@example.com,0910000073,Công ty 73,offline_event,46000000,NEW,,Dữ liệu test hiệu năng #73,,,,,
Khách hàng test 74,perftest74@example.com,0910000074,Công ty 74,tiktok,31000000,NEW,,Dữ liệu test hiệu năng #74,,,,,
Khách hàng test 75,perftest75@example.com,0910000075,Công ty 75,website,23000000,NEW,,Dữ liệu test hiệu năng #75,,,,,
Khách hàng test 76,perftest76@example.com,0910000076,Công ty 76,facebook_ads,31000000,NEW,,Dữ liệu test hiệu năng #76,,,,,
Khách hàng test 77,perftest77@example.com,0910000077,Công ty 77,partner_referral,53000000,NEW,,Dữ liệu test hiệu năng #77,,,,,
Khách hàng test 78,perftest78@example.com,0910000078,Công ty 78,offline_event,36000000,NEW,,Dữ liệu test hiệu năng #78,,,,,
Khách hàng test 79,perftest79@example.com,0910000079,Công ty 79,tiktok,39000000,NEW,,Dữ liệu test hiệu năng #79,,,,,
Khách hàng test 80,perftest80@example.com,0910000080,Công ty 80,website,44000000,NEW,,Dữ liệu test hiệu năng #80,,,,,
Khách hàng test 81,perftest81@example.com,0910000081,Công ty 81,facebook_ads,16000000,NEW,,Dữ liệu test hiệu năng #81,,,,,
Khách hàng test 82,perftest82@example.com,0910000082,Công ty 82,partner_referral,38000000,NEW,,Dữ liệu test hiệu năng #82,,,,,
Khách hàng test 83,perftest83@example.com,0910000083,Công ty 83,offline_event,52000000,NEW,,Dữ liệu test hiệu năng #83,,,,,
Khách hàng test 84,perftest84@example.com,0910000084,Công ty 84,tiktok,41000000,NEW,,Dữ liệu test hiệu năng #84,,,,,
Khách hàng test 85,perftest85@example.com,0910000085,Công ty 85,website,43000000,NEW,,Dữ liệu test hiệu năng #85,,,,,
Khách hàng test 86,perftest86@example.com,0910000086,Công ty 86,facebook_ads,36000000,NEW,,Dữ liệu test hiệu năng #86,,,,,
Khách hàng test 87,perftest87@example.com,0910000087,Công ty 87,partner_referral,17000000,NEW,,Dữ liệu test hiệu năng #87,,,,,
Khách hàng test 88,perftest88@example.com,0910000088,Công ty 88,offline_event,26000000,NEW,,Dữ liệu test hiệu năng #88,,,,,
Khách hàng test 89,perftest89@example.com,0910000089,Công ty 89,tiktok,15000000,NEW,,Dữ liệu test hiệu năng #89,,,,,
Khách hàng test 90,perftest90@example.com,0910000090,Công ty 90,website,20000000,NEW,,Dữ liệu test hiệu năng #90,,,,,
Khách hàng test 91,perftest91@example.com,0910000091,Công ty 91,facebook_ads,24000000,NEW,,Dữ liệu test hiệu năng #91,,,,,
Khách hàng test 92,perftest92@example.com,0910000092,Công ty 92,partner_referral,40000000,NEW,,Dữ liệu test hiệu năng #92,,,,,
Khách hàng test 93,perftest93@example.com,0910000093,Công ty 93,offline_event,5000000,NEW,,Dữ liệu test hiệu năng #93,,,,,
Khách hàng test 94,perftest94@example.com,0910000094,Công ty 94,tiktok,41000000,NEW,,Dữ liệu test hiệu năng #94,,,,,
Khách hàng test 95,perftest95@example.com,0910000095,Công ty 95,website,49000000,NEW,,Dữ liệu test hiệu năng #95,,,,,
Khách hàng test 96,perftest96@example.com,0910000096,Công ty 96,facebook_ads,46000000,NEW,,Dữ liệu test hiệu năng #96,,,,,
Khách hàng test 97,perftest97@example.com,0910000097,Công ty 97,partner_referral,27000000,NEW,,Dữ liệu test hiệu năng #97,,,,,
Khách hàng test 98,perftest98@example.com,0910000098,Công ty 98,offline_event,50000000,NEW,,Dữ liệu test hiệu năng #98,,,,,
Khách hàng test 99,perftest99@example.com,0910000099,Công ty 99,tiktok,22000000,NEW,,Dữ liệu test hiệu năng #99,,,,,
Khách hàng test 100,perftest100@example.com,0910000100,Công ty 100,website,54000000,NEW,,Dữ liệu test hiệu năng #100,,,,,
Khách hàng test 101,perftest101@example.com,0910000101,Công ty 101,facebook_ads,46000000,NEW,,Dữ liệu test hiệu năng #101,,,,,
Khách hàng test 102,perftest102@example.com,0910000102,Công ty 102,partner_referral,43000000,NEW,,Dữ liệu test hiệu năng #102,,,,,
Khách hàng test 103,perftest103@example.com,0910000103,Công ty 103,offline_event,43000000,NEW,,Dữ liệu test hiệu năng #103,,,,,
Khách hàng test 104,perftest104@example.com,0910000104,Công ty 104,tiktok,17000000,NEW,,Dữ liệu test hiệu năng #104,,,,,
Khách hàng test 105,perftest105@example.com,0910000105,Công ty 105,website,47000000,NEW,,Dữ liệu test hiệu năng #105,,,,,
Khách hàng test 106,perftest106@example.com,0910000106,Công ty 106,facebook_ads,39000000,NEW,,Dữ liệu test hiệu năng #106,,,,,
Khách hàng test 107,perftest107@example.com,0910000107,Công ty 107,partner_referral,11000000,NEW,,Dữ liệu test hiệu năng #107,,,,,
Khách hàng test 108,perftest108@example.com,0910000108,Công ty 108,offline_event,15000000,NEW,,Dữ liệu test hiệu năng #108,,,,,
Khách hàng test 109,perftest109@example.com,0910000109,Công ty 109,tiktok,20000000,NEW,,Dữ liệu test hiệu năng #109,,,,,
Khách hàng test 110,perftest110@example.com,0910000110,Công ty 110,website,50000000,NEW,,Dữ liệu test hiệu năng #110,,,,,
Khách hàng test 111,perftest111@example.com,0910000111,Công ty 111,facebook_ads,51000000,NEW,,Dữ liệu test hiệu năng #111,,,,,
Khách hàng test 112,perftest112@example.com,0910000112,Công ty 112,partner_referral,42000000,NEW,,Dữ liệu test hiệu năng #112,,,,,
Khách hàng test 113,perftest113@example.com,0910000113,Công ty 113,offline_event,46000000,NEW,,Dữ liệu test hiệu năng #113,,,,,
Khách hàng test 114,perftest114@example.com,0910000114,Công ty 114,tiktok,12000000,NEW,,Dữ liệu test hiệu năng #114,,,,,
Khách hàng test 115,perftest115@example.com,0910000115,Công ty 115,website,27000000,NEW,,Dữ liệu test hiệu năng #115,,,,,
Khách hàng test 116,perftest116@example.com,0910000116,Công ty 116,facebook_ads,44000000,NEW,,Dữ liệu test hiệu năng #116,,,,,
Khách hàng test 117,perftest117@example.com,0910000117,Công ty 117,partner_referral,26000000,NEW,,Dữ liệu test hiệu năng #117,,,,,
Khách hàng test 118,perftest118@example.com,0910000118,Công ty 118,offline_event,50000000,NEW,,Dữ liệu test hiệu năng #118,,,,,
Khách hàng test 119,perftest119@example.com,0910000119,Công ty 119,tiktok,17000000,NEW,,Dữ liệu test hiệu năng #119,,,,,
Khách hàng test 120,perftest120@example.com,0910000120,Công ty 120,website,28000000,NEW,,Dữ liệu test hiệu năng #120,,,,,
Khách hàng test 121,perftest121@example.com,0910000121,Công ty 121,facebook_ads,13000000,NEW,,Dữ liệu test hiệu năng #121,,,,,
Khách hàng test 122,perftest122@example.com,0910000122,Công ty 122,partner_referral,36000000,NEW,,Dữ liệu test hiệu năng #122,,,,,
Khách hàng test 123,perftest123@example.com,0910000123,Công ty 123,offline_event,20000000,NEW,,Dữ liệu test hiệu năng #123,,,,,
Khách hàng test 124,perftest124@example.com,0910000124,Công ty 124,tiktok,14000000,NEW,,Dữ liệu test hiệu năng #124,,,,,
Khách hàng test 125,perftest125@example.com,0910000125,Công ty 125,website,21000000,NEW,,Dữ liệu test hiệu năng #125,,,,,
Khách hàng test 126,perftest126@example.com,0910000126,Công ty 126,facebook_ads,37000000,NEW,,Dữ liệu test hiệu năng #126,,,,,
Khách hàng test 127,perftest127@example.com,0910000127,Công ty 127,partner_referral,8000000,NEW,,Dữ liệu test hiệu năng #127,,,,,
Khách hàng test 128,perftest128@example.com,0910000128,Công ty 128,offline_event,27000000,NEW,,Dữ liệu test hiệu năng #128,,,,,
Khách hàng test 129,perftest129@example.com,0910000129,Công ty 129,tiktok,8000000,NEW,,Dữ liệu test hiệu năng #129,,,,,
Khách hàng test 130,perftest130@example.com,0910000130,Công ty 130,website,31000000,NEW,,Dữ liệu test hiệu năng #130,,,,,
Khách hàng test 131,perftest131@example.com,0910000131,Công ty 131,facebook_ads,5000000,NEW,,Dữ liệu test hiệu năng #131,,,,,
Khách hàng test 132,perftest132@example.com,0910000132,Công ty 132,partner_referral,35000000,NEW,,Dữ liệu test hiệu năng #132,,,,,
Khách hàng test 133,perftest133@example.com,0910000133,Công ty 133,offline_event,50000000,NEW,,Dữ liệu test hiệu năng #133,,,,,
Khách hàng test 134,perftest134@example.com,0910000134,Công ty 134,tiktok,52000000,NEW,,Dữ liệu test hiệu năng #134,,,,,
Khách hàng test 135,perftest135@example.com,0910000135,Công ty 135,website,5000000,NEW,,Dữ liệu test hiệu năng #135,,,,,
Khách hàng test 136,perftest136@example.com,0910000136,Công ty 136,facebook_ads,53000000,NEW,,Dữ liệu test hiệu năng #136,,,,,
Khách hàng test 137,perftest137@example.com,0910000137,Công ty 137,partner_referral,26000000,NEW,,Dữ liệu test hiệu năng #137,,,,,
Khách hàng test 138,perftest138@example.com,0910000138,Công ty 138,offline_event,33000000,NEW,,Dữ liệu test hiệu năng #138,,,,,
Khách hàng test 139,perftest139@example.com,0910000139,Công ty 139,tiktok,37000000,NEW,,Dữ liệu test hiệu năng #139,,,,,
Khách hàng test 140,perftest140@example.com,0910000140,Công ty 140,website,47000000,NEW,,Dữ liệu test hiệu năng #140,,,,,
Khách hàng test 141,perftest141@example.com,0910000141,Công ty 141,facebook_ads,15000000,NEW,,Dữ liệu test hiệu năng #141,,,,,
Khách hàng test 142,perftest142@example.com,0910000142,Công ty 142,partner_referral,44000000,NEW,,Dữ liệu test hiệu năng #142,,,,,
Khách hàng test 143,perftest143@example.com,0910000143,Công ty 143,offline_event,34000000,NEW,,Dữ liệu test hiệu năng #143,,,,,
Khách hàng test 144,perftest144@example.com,0910000144,Công ty 144,tiktok,45000000,NEW,,Dữ liệu test hiệu năng #144,,,,,
Khách hàng test 145,perftest145@example.com,0910000145,Công ty 145,website,46000000,NEW,,Dữ liệu test hiệu năng #145,,,,,
Khách hàng test 146,perftest146@example.com,0910000146,Công ty 146,facebook_ads,42000000,NEW,,Dữ liệu test hiệu năng #146,,,,,
Khách hàng test 147,perftest147@example.com,0910000147,Công ty 147,partner_referral,36000000,NEW,,Dữ liệu test hiệu năng #147,,,,,
Khách hàng test 148,perftest148@example.com,0910000148,Công ty 148,offline_event,38000000,NEW,,Dữ liệu test hiệu năng #148,,,,,
Khách hàng test 149,perftest149@example.com,0910000149,Công ty 149,tiktok,37000000,NEW,,Dữ liệu test hiệu năng #149,,,,,
Khách hàng test 150,perftest150@example.com,0910000150,Công ty 150,website,10000000,NEW,,Dữ liệu test hiệu năng #150,,,,,
